s2_token,value,is_true,float_value,empty,time
80858004,5.5979242952642347,true,264.1,,11/1/17 11:00
8085800c,6.5446256069712141,true,73.1,,11/1/17 11:00
80858014,7.1187171597109975,true,65.1,,11/1/17 11:00
8085801c,8.2859146314037557,true,74.1,,11/1/17 11:00
80858024,9,true,66.1,,11/1/17 11:00
80858034,10,true,76.1,,11/1/17 11:00
8085803c,11,true,60.1,,11/1/17 11:00
80858044,12,true,68.1,,11/1/17 10:00
8085804c,13,true,49.1,,11/1/17 11:00
80858054,100,true,41.1,,11/1/17 11:00
